LocationID,locationName
1,loc1
2,loc2
3,loc3
4,loc4
5,loc5
6,loc6
7,loc7
8,loc8
9,loc9
10,loc10
11,loc11
12,loc12
13,loc13
14,loc14
15,loc15
16,loc16
17,loc17
18,loc18
19,loc19
20,loc20
21,loc21
22,loc22
23,loc23
24,loc24
25,loc25
26,loc26
27,loc27
28,loc28
29,loc29
30,loc30
31,loc31
32,loc32
33,loc33
34,loc34
35,loc35
36,loc36
37,loc37
38,loc38
39,loc39
40,loc40
41,loc41
42,loc42
43,loc43
44,loc44
45,loc45
46,loc46
47,loc47
48,loc48
49,loc49
50,loc50
51,loc51
52,loc52
53,loc53
54,loc54
55,loc55
56,loc56
57,loc57
58,loc58
59,loc59
60,loc60
61,loc61
62,loc62
63,loc63
64,loc64
65,loc65
66,loc66
67,loc67
68,loc68
69,loc69
70,loc70
71,loc71
72,loc72
73,loc73
74,loc74
75,loc75
76,loc76
77,loc77
78,loc78
79,loc79
80,loc80
81,loc81
82,loc82
83,loc83
84,loc84
85,loc85
86,loc86
87,loc87
88,loc88
89,loc89
90,loc90
91,loc91
92,loc92
93,loc93
94,loc94
95,loc95
96,loc96
97,loc97
98,loc98
99,loc99
100,loc100
101,loc101
102,loc102
103,loc103
104,loc104
105,loc105
106,loc106
107,loc107
108,loc108
109,loc109
110,loc110
111,loc111
112,loc112
113,loc113
114,loc114
115,loc115
116,loc116
117,loc117
118,loc118
119,loc119
120,loc120
121,loc121
122,loc122
123,loc123
124,loc124
125,loc125
126,loc126
127,loc127
128,loc128
129,loc129
130,loc130
131,loc131
132,loc132
133,loc133
134,loc134
135,loc135
136,loc136
137,loc137
138,loc138
139,loc139
140,loc140
141,loc141
142,loc142
143,loc143
144,loc144
145,loc145
146,loc146
147,loc147
148,loc148
149,loc149
150,loc150
151,loc151
152,loc152
153,loc153
154,loc154
155,loc155
156,loc156
157,loc157
158,loc158
159,loc159
160,loc160
161,loc161
162,loc162
163,loc163
164,loc164
165,loc165
166,loc166
167,loc167
168,loc168
169,loc169
170,loc170
171,loc171
172,loc172
173,loc173
174,loc174
175,loc175
176,loc176
177,loc177
178,loc178
179,loc179
180,loc180
181,loc181
182,loc182
183,loc183
184,loc184
185,loc185
186,loc186
187,loc187
188,loc188
189,loc189
190,loc190
191,loc191
192,loc192
193,loc193
194,loc194
195,loc195
196,loc196
197,loc197
198,loc198
199,loc199
200,loc200
201,loc201
202,loc202
203,loc203
204,loc204
205,loc205
206,loc206
207,loc207
208,loc208
209,loc209
210,loc210
211,loc211
212,loc212
213,loc213
214,loc214
215,loc215
216,loc216
217,loc217
218,loc218
219,loc219
220,loc220
221,loc221
222,loc222
223,loc223
224,loc224
225,loc225
226,loc226
227,loc227
228,loc228
229,loc229
230,loc230
231,loc231
232,loc232
233,loc233
234,loc234
235,loc235
236,loc236
237,loc237
238,loc238
239,loc239
240,loc240
241,loc241
242,loc242
243,loc243
244,loc244
245,loc245
246,loc246
247,loc247
248,loc248
249,loc249
250,loc250
251,loc251
252,loc252
253,loc253
254,loc254
255,loc255
256,loc256
257,loc257
258,loc258
259,loc259
260,loc260
261,loc261
262,loc262
263,loc263
264,loc264
265,loc265
266,loc266
267,loc267
268,loc268
269,loc269
270,loc270
271,loc271
272,loc272
273,loc273
274,loc274
275,loc275
276,loc276
277,loc277
278,loc278
279,loc279
280,loc280
281,loc281
282,loc282
283,loc283
284,loc284
285,loc285
286,loc286
287,loc287
288,loc288
289,loc289
290,loc290
291,loc291
292,loc292
293,loc293
294,loc294
295,loc295
296,loc296
297,loc297
298,loc298
299,loc299
300,loc300
301,loc301
302,loc302
303,loc303
304,loc304
305,loc305
306,loc306
307,loc307
308,loc308
309,loc309
310,loc310
311,loc311
312,loc312
313,loc313
314,loc314
315,loc315
316,loc316
317,loc317
318,loc318
319,loc319
320,loc320
321,loc321
322,loc322
323,loc323
324,loc324
325,loc325
326,loc326
327,loc327
328,loc328
329,loc329
330,loc330
331,loc331
332,loc332
333,loc333
334,loc334
335,loc335
336,loc336
337,loc337
338,loc338
